district_name,district_id,asthma,copd,dementia,diabetes,hypertension,obesity,stroke,smoking,hiv
Aberdeen City,S12000033,5.917,1.494,0.732,3.090,12.627,9.052,1.768,16.722,0.112
Aberdeenshire,S12000034,6.039,1.472,0.753,3.198,14.020,10.888,1.830,11.478,0.112
Adur,E07000223,7.289,2.306,0.730,8.777,17.149,8.124,3.977,17.688,1.754
Allerdale,E07000026,7.290,2.500,0.763,8.437,16.914,8.849,4.197,13.058,0.483
Amber Valley,E07000032,7.313,2.348,0.634,7.277,15.967,7.118,3.955,15.422,0.571
Angus,S12000041,5.868,2.008,0.973,3.516,15.913,10.614,2.552,15.715,0.112
Antrim and Newtownabbey,N09000001,6.174,1.682,0.665,3.212,13.226,9.362,1.824,17.567,0.059
Ards and North Down,N09000011,6.321,1.449,0.898,3.196,13.721,8.879,1.997,15.243,0.059
Argyll and Bute,S12000035,6.207,2.228,0.914,3.468,16.193,5.821,2.654,15.101,0.112
"Armagh City, Banbridge and Craigavon",N09000002,5.628,1.397,0.614,2.937,12.643,8.955,1.646,20.445,0.059
Arun,E07000224,7.204,2.373,0.869,8.663,18.033,7.162,4.022,12.886,1.289
Ashfield,E07000170,6.998,2.539,0.757,8.463,15.277,9.918,3.948,16.578,0.862
Ashford,E07000105,6.196,1.848,0.505,6.590,14.811,6.900,3.926,21.547,1.410
Aylesbury Vale,E07000004,6.338,1.334,3.916,6.266,14.092,5.757,1.464,9.426,0.690
Babergh,E07000200,7.358,2.067,0.774,7.245,16.949,6.176,4.040,9.333,0.549
Barking and Dagenham,E09000002,4.863,1.448,3.791,8.719,11.255,7.596,3.845,22.431,4.608
Barnet,E09000003,4.451,1.037,4.589,6.622,11.411,4.744,3.740,10.907,2.690
Barnsley,E08000016,6.645,3.237,3.800,7.851,15.362,11.496,4.067,17.407,1.247
Barrow-in-Furness,E07000027,8.012,2.872,0.823,7.689,15.949,8.160,3.993,19.332,0.269
Basildon,E07000066,6.428,2.039,0.525,6.992,14.638,4.949,3.787,15.657,1.508
Basingstoke and Deane,E07000084,6.828,1.478,0.469,6.330,13.528,7.130,3.607,11.855,1.319
Bassetlaw,E07000171,6.448,2.714,0.705,8.218,14.658,7.658,3.733,18.598,0.712
Bath and North East Somerset,E06000022,6.681,1.416,4.043,5.408,12.759,6.984,3.668,11.715,0.676
Bedford,E06000055,6.893,1.510,4.227,7.422,14.063,6.913,3.534,15.269,2.038
Belfast,N09000003,6.080,1.873,0.660,3.170,12.316,8.833,1.816,20.469,0.059
Bexley,E09000004,5.261,1.848,4.201,7.250,13.990,6.339,3.755,12.179,2.362
Birmingham,E08000025,6.392,1.470,3.984,8.984,11.916,6.988,3.949,16.190,2.402
Blaby,E07000129,6.372,1.810,0.609,6.909,15.539,6.484,3.774,11.440,1.135
Blackburn with Darwen,E06000008,7.722,2.169,4.142,8.827,13.838,7.806,3.946,16.198,0.859
Blackpool,E06000009,7.853,3.817,4.494,8.247,17.933,8.456,4.326,21.145,3.906
Blaenau Gwent,W06000019,6.935,2.978,0.532,4.993,17.713,13.223,1.913,21.109,0.490
Bolsover,E07000033,7.022,2.931,0.695,9.653,17.446,7.794,4.136,18.239,0.664
Bolton,E08000001,6.721,2.283,4.273,8.605,13.595,7.510,3.966,15.271,1.349
Boston,E07000136,5.624,2.125,0.643,7.384,15.624,7.486,4.107,22.410,0.794
"Bournemouth, Christchurch and Poole",E06000058,6.831,2.003,4.431,6.429,14.122,6.135,2.154,14.603,2.324
Bracknell Forest,E06000036,6.220,1.244,3.273,6.066,13.215,6.880,3.584,10.939,1.348
Bradford,E08000032,7.154,2.128,4.495,9.104,13.362,8.491,3.953,18.474,1.237
Braintree,E07000067,7.029,1.864,0.599,7.278,14.302,5.948,3.908,16.078,0.757
Breckland,E07000143,7.290,2.206,0.858,7.995,16.877,8.303,4.212,16.118,0.804
Brent,E09000005,4.355,0.807,4.072,8.681,11.401,6.177,3.613,17.131,4.334
Brentwood,E07000068,5.524,1.416,0.647,5.799,14.165,4.197,3.572,6.774,1.067
Bridgend,W06000013,7.579,2.230,0.654,4.443,16.254,9.934,2.380,15.476,0.490
Brighton and Hove,E06000043,5.744,1.498,4.192,4.265,9.611,4.161,3.425,19.308,7.117
"Bristol, City of",E06000023,6.243,1.754,4.428,5.528,10.265,5.571,3.691,16.312,2.228
Broadland,E07000144,7.902,1.675,0.764,7.033,16.280,7.481,4.001,7.356,0.653
Bromley,E09000006,5.378,1.379,4.435,6.035,12.982,5.043,3.522,13.882,2.080
Bromsgrove,E07000234,6.826,1.727,0.642,6.870,15.215,7.505,3.736,8.535,0.529
Broxbourne,E07000095,5.883,1.790,0.383,6.646,13.937,6.817,3.814,18.206,1.182
Broxtowe,E07000172,6.787,2.182,0.862,7.344,15.145,7.469,3.763,13.444,0.602
Burnley,E07000117,7.721,2.951,0.545,8.135,14.698,8.256,3.915,24.842,0.810
Bury,E08000002,6.657,2.163,4.631,7.378,13.767,6.041,3.825,15.979,1.730
Caerphilly,W06000018,6.666,2.178,0.435,4.231,16.568,12.013,1.896,17.557,0.490
Calderdale,E08000033,7.143,2.308,3.493,7.492,13.960,6.099,3.674,15.545,1.052
Cambridge,E07000008,4.692,0.986,0.617,3.432,7.452,3.422,3.453,14.109,1.930
Camden,E09000007,3.980,1.243,4.883,4.111,9.316,3.242,3.387,10.949,6.434
Cannock Chase,E07000192,6.727,2.756,0.518,8.002,16.308,8.611,3.912,12.248,0.723
Canterbury,E07000106,6.103,1.910,0.569,5.998,14.128,5.427,3.614,13.190,0.915
Cardiff,W06000015,6.545,1.332,0.501,3.333,12.243,8.133,1.589,15.117,0.490
Carlisle,E07000028,7.207,2.383,0.811,7.750,15.174,8.766,3.593,14.674,0.785
Carmarthenshire,W06000010,7.503,1.915,0.575,4.452,16.013,10.476,2.255,15.650,0.490
Castle Point,E07000069,6.161,2.659,0.592,8.079,18.534,4.975,3.792,15.417,0.513
Causeway Coast and Glens,N09000004,5.880,1.705,0.553,3.047,13.088,11.192,1.769,17.567,0.059
Central Bedfordshire,E06000056,6.731,1.744,3.379,6.515,13.908,6.471,3.647,13.758,1.111
Ceredigion,W06000008,6.344,1.700,0.420,3.706,16.134,8.719,1.857,14.900,0.490
Charnwood,E07000130,6.084,1.678,0.587,6.792,13.445,5.404,3.605,12.809,0.953
Chelmsford,E07000070,6.366,1.373,0.561,6.575,13.761,4.789,3.557,12.076,1.249
Cheltenham,E07000078,6.762,1.716,0.703,5.549,12.138,5.180,3.676,10.753,1.376
Cherwell,E07000177,6.274,1.487,0.503,5.866,13.046,7.441,3.563,11.389,0.984
Cheshire East,E06000049,6.798,1.865,4.245,6.604,15.625,6.203,3.734,8.702,0.862
Cheshire West and Chester,E06000050,7.042,2.195,3.782,6.872,15.059,7.523,3.752,13.784,0.990
Chesterfield,E07000034,7.761,2.743,0.735,9.165,17.627,11.087,3.843,17.291,0.907
Chichester,E07000225,6.905,1.917,0.692,7.281,15.725,6.199,3.762,10.826,1.024
Chiltern,E07000005,6.338,1.334,3.916,6.266,14.092,5.757,1.614,7.083,0.690
Chorley,E07000118,7.367,2.306,0.622,6.550,15.415,6.618,3.708,8.022,0.488
City of Edinburgh,S12000036,5.674,1.545,0.756,2.961,11.603,4.688,1.796,15.594,0.112
Clackmannanshire,S12000005,6.181,1.853,0.686,4.007,14.711,9.651,2.252,19.161,0.112
Colchester,E07000071,6.210,1.571,0.546,5.625,12.870,7.478,3.669,14.740,1.250
Conwy,W06000003,6.965,2.286,0.889,4.224,17.321,8.999,2.421,15.067,0.490
Copeland,E07000029,7.873,3.157,0.705,9.164,17.310,6.818,3.845,16.942,0.367
Corby,E07000150,6.472,2.396,0.570,7.427,14.974,6.892,1.770,19.697,2.341
Cornwall and Isles of Scilly,E06000052,7.405,2.385,3.422,7.012,15.918,6.734,3.822,13.753,0.719
Cotswold,E07000079,7.230,1.722,0.784,6.040,15.315,5.006,3.852,12.245,0.759
County Durham,E06000047,7.283,3.145,3.879,8.258,16.950,10.449,3.790,14.987,0.682
Coventry,E08000026,5.786,1.528,3.822,7.041,12.277,6.268,4.018,15.928,2.675
Craven,E07000163,8.896,2.251,0.919,6.923,17.049,8.905,3.651,12.793,0.469
Crawley,E07000226,6.387,1.585,0.597,8.045,12.827,6.980,3.352,13.974,3.051
Croydon,E09000008,5.045,1.214,4.514,7.287,12.324,6.844,3.490,11.369,4.995
Dacorum,E07000096,5.840,1.563,0.442,6.054,13.584,8.136,3.559,14.307,1.335
Darlington,E06000005,7.013,2.669,4.259,7.987,16.022,11.548,3.965,13.818,0.881
Dartford,E07000107,5.087,1.682,0.601,7.062,13.879,5.113,3.764,9.869,1.746
Daventry,E07000151,6.198,1.553,0.582,6.737,13.964,5.907,1.630,16.076,0.931
Denbighshire,W06000004,6.863,2.915,0.812,4.101,16.746,10.590,2.173,16.219,0.490
Derby,E06000015,6.391,1.755,4.598,7.262,12.813,6.650,3.743,19.248,2.181
Derbyshire Dales,E07000035,7.419,1.897,0.662,6.822,17.297,7.624,3.827,9.484,0.480
Derry City and Strabane,N09000005,6.405,1.871,0.520,2.935,11.879,10.452,1.546,19.662,0.059
Doncaster,E08000017,7.156,2.815,3.932,8.328,15.329,10.448,4.044,19.562,1.126
Dorset,E06000059,7.778,2.397,3.526,7.391,18.127,7.125,2.265,12.417,0.690
Dover,E07000108,6.201,2.874,0.618,7.604,16.413,7.483,3.831,13.054,1.131
Dudley,E08000027,7.196,2.348,3.756,7.990,17.386,9.909,4.164,13.036,1.235
Dumfries and Galloway,S12000006,6.460,2.468,0.962,3.957,16.152,7.208,2.458,15.578,0.112
Dundee City,S12000042,5.984,2.390,0.915,3.507,14.479,9.162,2.376,21.843,0.112
Ealing,E09000009,5.263,0.925,4.244,9.034,12.549,6.238,3.582,9.165,3.505
East Ayrshire,S12000008,6.644,2.592,0.775,3.755,16.140,8.544,2.459,17.017,0.112
East Cambridgeshire,E07000009,7.277,1.994,0.624,7.046,14.830,7.464,3.971,10.799,0.719
East Devon,E07000040,7.913,2.168,0.925,8.149,18.588,5.672,4.178,8.568,0.770
East Dunbartonshire,S12000045,5.943,1.723,0.611,3.180,14.710,4.992,2.183,8.267,0.112
East Hampshire,E07000085,6.792,1.591,0.791,6.441,15.023,7.725,3.567,7.841,0.805
East Hertfordshire,E07000242,6.559,1.354,0.415,5.477,13.292,5.843,3.475,9.929,0.865
East Lindsey,E07000137,8.228,3.297,0.840,9.870,20.081,8.366,4.142,16.613,0.452
East Lothian,S12000010,6.707,1.677,0.900,3.410,14.303,4.044,2.225,14.247,0.112
East Northamptonshire,E07000152,6.472,2.396,0.700,7.427,14.974,6.892,1.840,9.881,1.040
East Renfrewshire,S12000011,5.562,1.368,0.511,2.936,12.343,4.210,1.790,10.400,0.112
East Riding of Yorkshire,E06000011,7.184,2.504,3.576,7.929,17.990,7.696,3.736,12.783,0.478
East Staffordshire,E07000193,6.498,1.834,0.588,7.661,13.670,4.843,3.756,14.125,0.800
East Suffolk,E07000244,7.311,2.408,0.878,7.506,17.434,8.670,2.201,15.061,0.794
Eastbourne,E07000061,6.943,2.213,0.965,7.136,16.452,9.111,3.977,14.127,2.343
Eastleigh,E07000086,6.712,1.457,0.711,6.020,14.309,7.630,3.623,10.646,1.010
Eden,E07000030,7.001,1.998,0.794,7.458,17.031,7.919,4.043,8.727,0.368
Elmbridge,E07000207,4.937,1.049,0.595,4.550,11.583,5.311,3.553,7.704,1.126
Enfield,E09000010,4.899,1.119,5.337,8.284,13.009,6.207,3.538,13.701,3.705
Epping Forest,E07000072,5.607,1.654,0.662,6.581,14.033,5.751,3.701,13.802,1.080
Epsom and Ewell,E07000208,5.703,1.137,0.482,5.922,13.382,3.908,3.401,6.733,1.154
Erewash,E07000036,7.286,2.361,0.726,7.273,16.292,8.485,3.678,11.001,0.447
Exeter,E07000041,6.018,1.703,0.635,5.785,12.015,5.960,3.467,17.182,1.052
Falkirk,S12000014,6.262,2.103,0.770,3.737,14.497,6.993,2.184,16.877,0.112
Fareham,E07000087,7.099,1.839,0.635,7.344,17.479,7.086,3.797,11.508,0.672
Fenland,E07000010,7.107,2.866,0.661,8.624,16.626,8.562,4.015,19.359,0.990
Fermanagh and Omagh,N09000006,5.658,1.692,0.687,3.123,13.645,9.721,1.824,19.662,0.059
Fife,S12000047,6.488,2.002,0.715,3.721,14.794,7.008,2.215,15.017,0.112
Flintshire,W06000005,6.698,2.100,0.598,3.581,16.514,9.473,1.744,14.032,0.490
Folkestone and Hythe,E07000112,6.645,2.660,0.572,7.824,17.440,5.959,3.836,22.787,1.153
Forest of Dean,E07000080,7.447,2.183,0.693,8.255,16.544,8.406,3.793,10.808,0.434
Fylde,E07000119,7.174,2.769,0.848,6.846,18.727,8.444,3.937,12.688,1.022
Gateshead,E08000037,7.461,2.995,4.406,7.467,16.225,11.026,3.822,17.798,1.260
Gedling,E07000173,7.420,1.968,0.684,6.938,14.972,7.509,3.621,15.223,0.650
Glasgow City,S12000049,5.875,2.654,0.723,3.389,11.743,6.582,2.019,20.070,0.112
Gloucester,E07000081,6.853,1.917,0.572,8.052,12.918,8.691,3.854,13.526,1.539
Gosport,E07000088,7.129,2.522,0.636,8.901,16.512,9.934,3.776,15.033,0.684
Gravesham,E07000109,4.999,1.490,0.475,7.207,12.857,4.523,3.618,10.490,1.888
Great Yarmouth,E07000145,7.275,3.211,0.591,9.028,17.370,7.283,4.130,20.562,1.319
Greenwich,E09000011,4.858,1.444,3.602,6.719,11.951,5.382,3.399,18.135,5.474
Guildford,E07000209,5.688,1.112,0.562,4.618,11.598,5.621,3.625,10.633,1.057
Gwynedd,W06000002,7.024,2.274,0.612,4.303,16.045,9.125,1.984,18.645,0.490
Hackney and City of London,E09000012,4.647,1.095,3.721,6.084,8.829,7.256,3.307,14.765,6.322
Halton,E06000006,7.592,2.891,3.548,8.413,15.892,8.807,4.003,17.938,0.721
Hambleton,E07000164,6.849,2.056,0.674,7.121,17.618,7.950,3.809,13.506,0.370
Hammersmith and Fulham,E09000013,4.041,0.859,3.415,3.460,7.141,3.969,3.192,12.072,7.904
Harborough,E07000131,6.700,1.642,0.530,5.995,14.948,5.403,3.617,8.220,0.719
Haringey,E09000014,4.567,0.935,3.693,6.435,10.555,6.737,3.230,17.712,6.240
Harlow,E07000073,6.120,1.898,0.479,7.699,13.646,6.857,3.599,20.611,2.400
Harrogate,E07000165,6.639,1.925,0.828,6.094,15.371,6.403,3.621,13.952,0.711
Harrow,E09000015,5.341,0.895,3.925,10.149,13.401,5.349,3.509,10.832,2.149
Hart,E07000089,6.519,1.395,0.461,5.784,14.560,5.332,3.516,8.792,0.755
Hartlepool,E06000001,7.170,3.645,4.405,7.573,16.929,10.040,3.993,18.641,0.611
Hastings,E07000062,6.244,2.908,0.710,7.434,15.465,6.951,3.758,17.034,2.029
Havant,E07000090,7.558,2.685,0.729,8.811,17.221,9.796,3.850,18.282,0.872
Havering,E09000016,5.230,1.758,3.698,7.466,14.331,6.311,3.590,14.984,1.615
"Herefordshire, County of",E06000019,6.673,2.465,3.378,7.034,16.427,7.165,3.974,12.636,0.673
Hertsmere,E07000098,5.419,1.545,0.570,6.389,12.962,5.942,3.707,11.111,1.853
High Peak,E07000037,7.877,2.487,0.562,6.586,16.006,6.574,3.544,15.505,0.833
Highland,S12000017,6.382,1.615,0.810,3.230,14.946,7.786,2.286,12.126,0.112
Hillingdon,E09000017,5.256,1.238,4.192,8.096,12.391,4.767,3.474,17.145,2.321
Hinckley and Bosworth,E07000132,7.195,1.927,0.571,7.223,16.278,5.858,3.758,15.036,0.803
Horsham,E07000227,6.394,1.472,0.650,6.260,14.865,4.977,3.509,9.423,0.894
Hounslow,E09000018,4.487,0.995,3.855,8.711,11.478,7.880,3.473,13.930,3.610
Huntingdonshire,E07000011,6.808,2.043,0.510,6.761,14.674,6.462,3.620,14.438,1.278
Hyndburn,E07000120,7.758,2.535,0.641,8.354,15.754,8.098,3.897,14.701,0.842
Inverclyde,S12000018,6.369,2.473,0.806,3.124,14.364,6.858,2.661,17.520,0.112
Ipswich,E07000202,6.351,1.701,0.676,6.486,13.168,8.425,3.602,17.071,1.550
Isle of Anglesey,W06000001,8.015,2.570,0.601,4.192,16.722,9.944,2.256,14.904,0.490
Isle of Wight,E06000046,7.747,2.609,3.989,7.658,18.004,6.549,3.759,13.238,0.517
Islington,E09000019,5.028,1.443,4.747,4.798,8.498,4.722,3.203,15.571,6.569
Kensington and Chelsea,E09000020,3.379,1.105,3.653,4.242,8.413,3.715,3.200,14.939,8.913
Kettering,E07000153,6.472,2.396,0.655,7.427,14.974,6.892,1.815,16.474,1.415
King's Lynn and West Norfolk,E07000146,7.506,2.608,0.592,8.594,17.620,7.185,3.917,16.416,0.792
"Kingston upon Hull, City of",E06000010,6.392,2.851,4.161,7.684,14.221,6.985,4.069,26.073,1.179
Kingston upon Thames,E09000021,4.757,1.137,3.846,5.324,10.240,4.658,3.472,11.239,1.801
Kirklees,E08000034,7.281,2.102,3.778,8.146,14.033,6.910,3.659,15.069,1.268
Knowsley,E08000011,6.753,3.636,3.559,8.098,15.460,10.098,4.337,18.056,0.894
Lambeth,E09000022,4.627,0.918,4.498,5.577,9.349,5.692,3.150,12.359,12.678
Lancaster,E07000121,7.047,2.406,0.743,6.668,13.553,5.417,3.635,14.855,0.682
Leeds,E08000035,6.202,2.037,4.183,6.579,12.659,7.499,3.649,18.200,2.287
Leicester,E06000016,5.054,1.375,4.768,9.623,12.165,5.534,3.678,17.334,3.481
Lewes,E07000063,7.107,2.291,0.792,6.669,16.547,4.982,3.735,11.047,2.077
Lewisham,E09000023,5.407,1.273,4.286,6.267,10.958,6.287,3.432,16.730,7.327
Lichfield,E07000194,7.027,1.819,0.450,7.455,15.476,8.071,3.827,10.186,0.631
Lincoln,E07000138,6.154,1.847,0.621,6.086,12.138,7.581,3.850,26.150,0.722
Lisburn and Castlereagh,N09000007,6.268,1.350,0.735,3.173,13.424,8.425,1.863,15.243,0.059
Liverpool,E08000012,6.192,3.060,3.598,6.571,13.570,7.881,3.809,14.725,1.811
Luton,E06000032,5.563,1.328,4.431,8.426,12.014,6.948,3.877,15.985,3.348
Maidstone,E07000110,5.967,1.793,0.647,6.873,14.125,6.997,3.700,12.307,1.033
Maldon,E07000074,7.183,1.848,0.520,7.633,16.944,5.188,3.673,15.330,0.577
Malvern Hills,E07000235,6.619,2.091,0.883,7.289,18.237,5.427,3.935,13.011,0.679
Manchester,E08000003,6.086,1.967,4.258,6.460,10.010,6.118,3.810,17.156,5.476
Mansfield,E07000174,6.617,2.620,0.641,7.936,15.094,7.130,3.796,23.070,0.980
Medway,E06000035,5.895,1.944,2.911,7.698,14.461,6.629,3.657,14.720,1.497
Melton,E07000133,6.801,1.821,0.494,6.952,17.176,7.439,3.531,17.348,0.418
Mendip,E07000187,7.201,2.027,0.711,6.691,16.461,7.985,3.739,11.387,0.805
Merthyr Tydfil,W06000024,6.300,3.007,0.509,4.264,16.919,10.179,1.829,19.210,0.490
Merton,E09000024,4.588,1.022,4.009,6.319,10.492,4.762,3.363,10.874,3.869
Mid Devon,E07000042,7.230,2.130,0.575,7.545,15.882,6.824,3.736,13.345,0.754
Mid Suffolk,E07000203,8.145,2.019,0.588,6.755,16.804,6.731,3.794,8.288,0.676
Mid Sussex,E07000228,6.798,1.427,0.757,5.683,14.501,5.084,3.562,12.567,1.346
Mid Ulster,N09000009,5.626,1.418,0.531,2.683,12.135,8.624,1.563,17.567,0.059
Mid and East Antrim,N09000008,6.330,1.668,0.641,3.186,14.533,9.880,1.890,17.567,0.059
Middlesbrough,E06000002,6.270,2.994,4.569,7.583,13.130,9.159,3.941,17.442,1.098
Midlothian,S12000019,6.512,1.988,0.874,3.522,14.404,4.630,2.340,15.251,0.112
Milton Keynes,E06000042,5.940,1.665,3.653,6.641,12.725,5.937,3.448,13.401,3.031
Mole Valley,E07000210,6.112,1.430,0.653,5.726,14.799,4.782,3.691,7.990,0.997
Monmouthshire,W06000021,6.709,1.452,0.701,3.771,14.946,9.149,2.125,11.111,0.490
Moray,S12000020,6.209,1.625,0.769,3.613,15.171,10.115,2.131,15.915,0.112
Na h-Eileanan Siar,S12000013,6.489,1.585,0.982,3.266,20.126,9.890,2.496,11.945,0.112
Neath Port Talbot,W06000012,7.494,2.095,0.571,4.991,15.486,12.482,2.203,16.220,0.490
New Forest,E07000091,7.162,2.260,0.929,7.025,18.759,6.185,3.603,12.590,0.724
Newark and Sherwood,E07000175,6.657,2.165,0.531,7.639,16.029,10.082,3.541,16.500,0.605
Newcastle upon Tyne,E08000021,6.033,2.084,4.472,6.535,11.983,8.344,3.760,15.980,1.773
Newcastle-under-Lyme,E07000195,6.731,2.667,0.647,7.785,16.478,6.055,3.569,18.262,0.935
Newham,E09000025,4.570,0.924,3.335,8.642,10.232,7.128,3.260,18.219,5.360
Newport,W06000022,6.901,1.857,0.548,4.543,14.728,10.507,1.918,18.418,0.490
"Newry, Mourne and Down",N09000010,6.212,1.379,0.599,2.938,12.557,8.810,1.579,20.445,0.059
North Ayrshire,S12000021,6.236,2.412,0.739,3.470,15.139,6.983,2.489,18.940,0.112
North Devon,E07000043,7.980,2.301,0.688,7.647,15.226,7.967,3.982,14.394,0.571
North East Derbyshire,E07000038,7.227,2.638,0.810,8.547,18.021,7.653,3.842,9.308,0.462
North East Lincolnshire,E06000012,6.849,2.773,3.961,7.770,15.961,8.855,3.944,21.199,0.629
North Hertfordshire,E07000099,7.041,1.638,0.756,6.460,13.748,5.131,3.515,8.790,1.231
North Kesteven,E07000139,6.906,2.158,0.693,7.483,16.198,7.971,3.827,13.618,0.596
North Lanarkshire,S12000050,6.326,2.238,0.708,3.550,14.012,7.748,2.063,19.638,0.112
North Lincolnshire,E06000013,6.683,2.491,3.386,8.083,16.875,7.491,3.899,20.951,0.707
North Norfolk,E07000147,8.554,2.790,0.969,8.721,20.210,7.664,3.947,13.185,0.697
North Somerset,E06000024,7.281,2.128,4.326,7.085,16.069,7.180,3.818,12.006,0.856
North Tyneside,E08000022,7.431,2.633,4.068,7.834,15.401,11.318,3.634,14.897,0.957
North Warwickshire,E07000218,6.496,2.138,0.473,7.337,15.871,5.028,3.711,14.372,0.822
North West Leicestershire,E07000134,7.417,2.099,0.497,7.014,15.339,6.916,3.459,19.252,0.621
Northampton,E07000154,6.198,1.553,0.598,6.737,13.964,5.907,1.566,17.188,3.027
Northumberland,E06000057,7.886,2.812,3.754,8.315,17.766,9.586,3.846,12.073,0.542
Norwich,E07000148,6.992,1.892,0.573,5.500,11.052,6.093,3.464,19.232,2.029
Nottingham,E06000018,5.539,1.738,4.805,6.079,10.366,6.391,3.868,20.582,2.061
Nuneaton and Bedworth,E07000219,6.383,1.988,0.617,8.454,17.064,7.362,3.642,16.572,1.367
Oadby and Wigston,E07000135,6.833,1.816,0.652,8.786,16.809,5.758,3.849,6.333,0.885
Oldham,E08000004,7.320,2.345,4.221,8.608,13.539,8.435,3.915,18.030,1.412
Orkney Islands,S12000023,6.326,1.448,0.723,3.710,16.353,10.530,1.751,10.154,0.112
Oxford,E07000178,4.633,1.051,0.493,3.942,8.567,5.241,3.377,8.307,1.331
Pembrokeshire,W06000009,7.024,2.032,0.572,4.324,16.422,9.079,2.207,15.146,0.490
Pendle,E07000122,7.773,2.419,0.619,8.079,14.194,6.695,3.700,13.894,0.773
Perth and Kinross,S12000048,5.690,1.830,0.995,3.448,14.790,8.097,2.397,16.258,0.112
Peterborough,E06000031,5.342,1.670,4.651,7.503,12.010,7.082,3.661,19.484,1.999
Plymouth,E06000026,7.261,2.603,3.541,7.275,13.939,8.725,3.768,16.961,1.209
Portsmouth,E06000044,6.773,2.169,4.132,6.842,12.010,9.474,3.800,17.511,2.011
Powys,W06000023,6.831,2.023,0.665,3.996,16.669,9.921,2.326,13.799,0.490
Preston,E07000123,6.633,2.281,0.576,7.443,12.495,7.063,3.763,17.267,1.558
Reading,E06000038,5.515,1.153,4.016,5.840,11.706,7.061,3.364,13.010,2.639
Redbridge,E09000026,5.004,0.775,4.152,8.997,11.728,5.032,3.513,13.199,2.357
Redcar and Cleveland,E06000003,7.215,3.582,4.140,8.647,17.323,9.310,3.914,13.542,0.465
Redditch,E07000236,6.884,2.229,0.575,7.842,14.830,8.411,3.433,20.472,0.807
Reigate and Banstead,E07000211,5.918,1.379,0.702,6.040,12.728,5.558,3.450,9.777,1.491
Renfrewshire,S12000038,5.861,1.805,0.799,3.384,14.194,6.344,1.962,18.691,0.112
Rhondda Cynon Taf,W06000016,6.428,2.605,0.473,4.301,16.768,11.906,1.956,15.920,0.490
Ribble Valley,E07000124,7.519,2.039,0.586,5.904,17.361,6.450,3.563,8.315,0.516
Richmond upon Thames,E09000027,4.488,1.099,4.013,4.092,9.671,3.097,3.037,5.861,2.087
Richmondshire,E07000166,6.910,2.052,0.779,7.189,17.834,9.548,3.809,6.310,0.373
Rochdale,E08000005,7.429,2.546,3.609,8.624,14.236,8.740,3.684,16.211,1.749
Rochford,E07000075,6.349,2.038,0.519,6.915,16.420,5.022,3.703,9.402,0.694
Rossendale,E07000125,8.007,2.603,0.575,7.336,14.620,8.025,3.510,18.683,1.029
Rother,E07000064,6.941,2.676,0.925,7.995,20.541,5.858,3.929,16.843,1.239
Rotherham,E08000018,7.469,2.996,4.495,7.936,15.930,9.286,3.881,18.923,1.118
Rugby,E07000220,6.100,1.402,0.573,6.699,13.230,4.481,3.697,23.063,1.541
Runnymede,E07000212,5.046,1.453,0.574,6.185,12.900,5.732,3.594,11.068,1.459
Rushcliffe,E07000176,6.602,1.484,0.665,5.842,13.830,7.254,3.391,3.585,0.487
Rushmoor,E07000092,5.406,1.865,0.508,8.187,14.292,8.197,3.471,17.708,2.002
Rutland,E06000017,6.809,1.973,3.378,6.334,17.315,3.753,4.304,10.759,0.639
Ryedale,E07000167,7.542,2.081,0.482,6.761,17.228,9.326,4.050,14.558,0.399
Salford,E08000006,6.018,2.545,4.203,6.574,11.832,8.067,3.931,19.972,4.280
Sandwell,E08000028,6.497,1.986,3.851,9.884,14.988,7.535,4.015,16.728,2.445
Scarborough,E07000168,8.380,2.620,0.716,7.487,18.145,8.470,3.962,13.576,0.745
Scottish Borders,S12000026,6.643,2.125,0.812,3.667,14.509,5.710,2.512,14.101,0.112
Sedgemoor,E07000188,7.198,2.557,0.675,8.023,16.802,8.627,4.014,17.720,0.798
Sefton,E08000014,7.121,2.638,4.044,7.367,17.075,6.987,3.963,11.140,0.989
Selby,E07000169,7.358,2.021,0.650,6.870,14.812,8.627,3.575,6.808,0.567
Sevenoaks,E07000111,6.015,1.777,0.702,5.994,13.987,4.631,3.529,8.328,0.854
Sheffield,E08000019,6.914,2.076,4.590,6.585,12.829,6.739,3.814,12.506,1.505
Shetland Islands,S12000027,7.559,0.915,0.802,3.369,15.926,7.314,1.620,15.053,0.112
Shropshire,E06000051,7.322,1.911,4.098,6.911,16.626,7.480,3.821,13.552,0.682
Slough,E06000039,5.428,1.028,3.730,9.735,12.220,7.337,3.558,21.260,3.219
Solihull,E08000029,6.434,1.950,3.494,7.512,14.699,5.268,3.565,11.407,0.665
Somerset West and Taunton,E07000246,6.902,2.407,0.751,7.265,16.481,7.507,2.388,16.351,0.697
South Ayrshire,S12000028,6.088,1.971,1.020,3.559,16.447,6.615,2.563,15.351,0.112
South Bucks,E07000006,6.338,1.334,3.916,6.266,14.092,5.757,1.884,7.061,0.690
South Cambridgeshire,E07000012,7.237,1.393,0.582,5.519,13.027,5.244,3.418,10.382,0.888
South Derbyshire,E07000039,7.231,2.104,0.632,7.177,14.512,7.333,3.672,14.391,0.809
South Gloucestershire,E06000025,7.086,1.691,3.933,6.532,14.147,6.783,3.615,10.633,1.017
South Hams,E07000044,7.015,2.126,0.632,5.999,16.584,5.180,3.613,17.339,0.507
South Holland,E07000140,6.758,2.190,0.688,8.616,18.369,9.228,4.093,19.104,0.739
South Kesteven,E07000141,7.314,2.005,0.660,7.380,17.477,7.319,3.601,15.849,0.742
South Lakeland,E07000031,7.340,1.762,0.950,6.328,16.230,5.483,3.828,10.062,0.463
South Lanarkshire,S12000029,6.424,2.180,0.784,3.424,14.185,6.502,2.064,16.222,0.112
South Norfolk,E07000149,7.230,1.668,0.534,6.777,15.038,6.173,3.742,8.608,0.800
South Northamptonshire,E07000155,6.198,1.553,0.490,6.737,13.964,5.907,1.662,7.166,0.567
South Oxfordshire,E07000179,6.651,1.445,0.562,5.385,13.815,6.897,3.544,13.382,0.535
South Ribble,E07000126,6.986,2.025,0.571,6.098,15.246,6.454,3.675,10.314,0.629
South Somerset,E07000189,7.334,2.210,0.782,7.551,17.692,9.668,3.732,17.223,0.631
South Staffordshire,E07000196,6.604,2.032,0.431,7.561,17.004,5.188,3.860,12.403,0.615
South Tyneside,E08000023,7.024,3.680,3.984,7.718,15.555,8.794,3.905,18.786,0.668
Southampton,E06000045,6.033,2.128,3.987,6.086,10.830,6.640,3.770,16.187,2.218
Southend-on-Sea,E06000033,6.263,2.161,5.078,6.879,14.922,5.261,3.896,15.939,2.410
Southwark,E09000028,4.533,1.278,3.996,6.352,10.397,6.846,3.163,14.477,10.947
Spelthorne,E07000213,5.260,1.541,0.631,7.271,14.718,6.106,3.749,15.147,1.737
St Albans,E07000240,5.835,1.160,0.369,4.992,11.171,4.577,3.342,10.999,1.017
St. Helens,E08000013,8.181,2.985,4.102,8.010,17.345,7.094,3.839,15.811,0.860
Stafford,E07000197,6.648,1.828,0.574,6.874,15.719,5.800,3.882,9.234,0.726
Staffordshire Moorlands,E07000198,7.534,2.451,0.507,7.942,18.764,6.944,3.683,8.728,0.644
Stevenage,E07000243,6.262,1.750,0.473,7.065,13.004,7.581,3.772,15.691,2.320
Stirling,S12000030,5.947,1.853,0.718,3.561,14.112,6.509,2.123,12.391,0.112
Stockport,E08000007,7.199,2.333,4.178,6.776,14.942,7.311,3.677,13.263,1.282
Stockton-on-Tees,E06000004,7.142,2.657,4.691,7.099,15.266,8.106,3.690,16.435,0.779
Stoke-on-Trent,E06000021,6.904,2.712,4.894,8.559,16.205,8.577,4.161,18.672,1.783
Stratford-on-Avon,E07000221,6.764,1.750,0.722,5.997,16.135,5.846,3.901,9.361,0.797
Stroud,E07000082,7.409,1.765,0.823,6.314,14.978,5.843,3.522,11.907,0.536
Sunderland,E08000024,6.783,3.511,3.748,7.859,17.129,10.566,3.861,20.181,0.794
Surrey Heath,E07000214,6.027,1.297,0.488,6.131,13.840,5.729,3.525,9.946,1.134
Sutton,E09000029,5.944,1.420,4.664,6.932,12.960,6.477,3.352,14.062,2.288
Swale,E07000113,6.088,2.345,0.504,7.617,15.276,7.671,3.765,21.316,1.009
Swansea,W06000011,6.862,1.738,0.442,4.277,15.545,8.814,2.152,17.003,0.490
Swindon,E06000030,6.906,1.764,3.303,8.016,14.292,8.686,3.579,17.663,1.582
Tameside,E08000008,7.389,2.924,4.078,8.322,15.864,6.723,3.770,17.021,1.829
Tamworth,E07000199,7.027,2.008,0.461,7.516,14.426,6.661,3.594,13.203,0.684
Tandridge,E07000215,6.151,1.472,0.613,6.116,13.521,5.702,3.402,13.042,1.298
Teignbridge,E07000045,7.264,2.316,0.910,7.096,17.192,7.681,3.649,14.111,0.725
Telford and Wrekin,E06000020,6.659,2.124,3.454,7.876,13.977,6.948,3.910,16.183,1.082
Tendring,E07000076,7.718,3.055,0.676,9.112,19.805,10.275,4.167,14.734,0.714
Test Valley,E07000093,6.722,1.776,0.731,6.062,14.584,7.041,3.522,10.918,0.822
Tewkesbury,E07000083,7.462,1.925,0.647,7.014,15.250,7.170,3.760,13.922,0.566
Thanet,E07000114,6.526,3.208,0.570,7.900,17.001,7.244,3.913,19.708,1.358
Three Rivers,E07000102,6.109,1.591,0.583,6.621,14.241,6.308,3.588,14.654,1.066
Thurrock,E06000034,5.585,1.878,4.005,7.136,13.918,5.892,3.663,17.907,1.911
Tonbridge and Malling,E07000115,5.829,1.709,0.518,6.514,13.408,6.466,3.529,12.249,0.522
Torbay,E06000027,7.602,2.906,3.945,7.574,17.840,6.944,4.014,15.958,1.610
Torfaen,W06000020,6.938,2.035,0.547,4.726,16.064,11.239,1.952,16.054,0.490
Torridge,E07000046,7.706,2.261,0.801,8.111,17.032,7.268,3.598,7.133,0.650
Tower Hamlets,E09000030,4.533,1.071,4.176,6.682,7.187,4.435,3.189,20.345,4.354
Trafford,E08000009,7.440,2.014,3.980,6.412,14.105,5.544,3.470,13.547,1.752
Tunbridge Wells,E07000116,6.020,1.568,0.481,5.928,13.311,4.983,3.299,14.457,0.786
Uttlesford,E07000077,6.731,1.472,0.505,5.564,14.648,4.912,3.410,10.624,0.675
Vale of Glamorgan,W06000014,7.037,1.571,0.544,3.834,15.212,9.600,2.112,14.796,0.490
Vale of White Horse,E07000180,6.487,1.544,0.525,5.595,13.982,6.972,3.552,6.822,0.513
Wakefield,E08000036,7.369,2.815,3.596,7.982,15.366,8.787,3.671,19.336,1.157
Walsall,E08000030,6.721,2.440,3.851,9.294,15.027,7.822,4.097,15.597,1.934
Waltham Forest,E09000031,5.061,0.907,4.073,6.921,10.790,4.746,3.233,11.720,4.083
Wandsworth,E09000032,4.209,0.856,4.717,4.467,8.197,4.208,3.140,12.152,5.078
Warrington,E06000007,6.681,1.840,4.200,6.961,14.234,6.638,3.495,10.471,0.847
Warwick,E07000222,6.240,1.556,0.611,5.893,13.423,6.403,3.541,9.908,0.732
Watford,E07000103,5.205,1.253,0.439,7.161,11.083,8.168,3.473,7.375,2.389
Waverley,E07000216,6.288,1.270,0.682,5.305,14.188,4.742,3.387,7.135,1.106
Wealden,E07000065,6.660,1.994,0.727,6.532,16.606,4.708,3.668,11.533,0.752
Wellingborough,E07000156,6.472,2.396,0.577,7.427,14.974,6.892,1.555,19.871,1.965
Welwyn Hatfield,E07000241,5.257,1.488,0.501,5.660,12.513,5.799,3.804,12.139,1.709
West Berkshire,E06000037,6.826,1.500,3.376,5.607,14.148,5.519,3.579,10.075,0.681
West Devon,E07000047,8.541,2.104,0.662,6.994,17.766,4.518,3.596,14.313,0.709
West Dunbartonshire,S12000039,5.707,2.347,0.610,3.604,14.553,6.665,2.318,20.103,0.112
West Lancashire,E07000127,7.229,2.345,0.671,7.179,16.381,5.965,3.700,14.149,0.479
West Lindsey,E07000142,8.242,2.281,0.704,8.114,17.183,9.452,3.729,13.290,0.495
West Lothian,S12000040,6.374,1.929,0.661,3.653,13.711,7.710,1.937,18.251,0.112
West Oxfordshire,E07000181,6.754,1.584,0.694,5.781,16.021,7.949,3.394,10.700,0.639
West Suffolk,E07000245,7.345,2.239,0.596,7.865,15.170,6.064,1.741,11.741,1.060
Westminster,E09000033,3.358,0.851,4.209,4.236,7.589,4.266,3.473,11.518,8.697
Wigan,E08000010,7.569,2.688,3.728,7.883,15.949,6.340,3.943,15.549,0.932
Wiltshire,E06000054,7.082,1.848,3.910,7.164,15.394,7.139,3.629,12.272,0.679
Winchester,E07000094,6.677,1.500,0.652,5.005,14.115,8.601,3.401,10.937,0.729
Windsor and Maidenhead,E06000040,5.576,1.097,4.459,5.419,13.188,5.451,3.421,8.414,1.416
Wirral,E08000015,7.490,2.693,3.833,7.363,16.103,8.587,3.741,11.952,1.045
Woking,E07000217,5.429,1.224,0.630,6.275,11.834,7.313,3.537,14.525,1.821
Wokingham,E06000041,6.417,1.126,3.935,5.484,12.921,7.202,3.249,8.236,0.927
Wolverhampton,E08000031,6.170,1.783,4.300,8.552,14.094,9.407,3.987,16.737,2.792
Worcester,E07000237,6.297,1.830,0.574,7.053,13.831,6.075,3.626,10.479,1.036
Worthing,E07000229,7.266,1.936,0.809,7.760,16.375,6.065,3.675,13.070,2.102
Wrexham,W06000006,7.137,2.240,0.514,3.688,15.999,11.389,1.799,16.165,0.490
Wychavon,E07000238,6.905,2.091,0.527,7.314,17.619,6.699,3.762,6.812,0.563
Wycombe,E07000007,6.338,1.334,3.916,6.266,14.092,5.757,1.564,14.183,0.690
Wyre,E07000128,7.744,3.048,0.743,7.698,18.919,7.831,4.276,13.103,1.037
Wyre Forest,E07000239,7.749,2.423,0.634,8.799,18.449,11.014,3.834,14.803,0.767
York,E06000014,6.156,1.584,3.482,5.003,12.133,5.821,3.620,11.536,0.704
